sample;original_filename;relative_path;clean_original_path;groundtruth_original_path;clean_output;groundtruth_output
sample_01;Station 5 - Stratégie diagnostique_sample_21_docteur_314.286s-349.7s.wav;Station 5 - Stratégie diagnostique\Station 5 - Stratégie diagnostique_sample_21_docteur_314.286s-349.7s.wav;C:\Users\constantin.godard\Documents\Etienne_clean\Station 5 - Stratégie diagnostique\Station 5 - Stratégie diagnostique_sample_21_docteur_314.286s-349.7s.wav;C:\Users\constantin.godard\Documents\Vidéos_entrainement_Etienne\Station 5 - Stratégie diagnostique\Station 5 - Stratégie diagnostique_sample_21_docteur_314.286s-349.7s.wav;C:\Users\constantin.godard\Documents\Etienne_15_samples_test\sample_01\clean1.wav;C:\Users\constantin.godard\Documents\Etienne_15_samples_test\sample_01\groundtruth.wav
sample_02;Le PS retient inutilement l information (résultat du bilan)_sample_14_dialogue_111.471s-127.971s.wav;Le patient standardisé retient inutilement l information (résultat du bilan)\Le PS retient inutilement l information (résultat du bilan)_sample_14_dialogue_111.471s-127.971s.wav;C:\Users\constantin.godard\Documents\Etienne_clean\Le patient standardisé retient inutilement l information (résultat du bilan)\Le PS retient inutilement l information (résultat du bilan)_sample_14_dialogue_111.471s-127.971s.wav;C:\Users\constantin.godard\Documents\Vidéos_entrainement_Etienne\Le patient standardisé retient inutilement l information (résultat du bilan)\Le PS retient inutilement l information (résultat du bilan)_sample_14_dialogue_111.471s-127.971s.wav;C:\Users\constantin.godard\Documents\Etienne_15_samples_test\sample_02\clean1.wav;C:\Users\constantin.godard\Documents\Etienne_15_samples_test\sample_02\groundtruth.wav
sample_03;Station 7 - Urgence vitale - étudiant 2.wav;Station 7 - Urgence vitale - étudiant 2.wav;C:\Users\constantin.godard\Documents\Etienne_clean\Station 7 - Urgence vitale - étudiant 2.wav;C:\Users\constantin.godard\Documents\Vidéos_entrainement_Etienne\Station 7 - Urgence vitale - étudiant 2.wav;C:\Users\constantin.godard\Documents\Etienne_15_samples_test\sample_03\clean1.wav;C:\Users\constantin.godard\Documents\Etienne_15_samples_test\sample_03\groundtruth.wav
sample_04;STATION 1 - Entretien et interrogatoire_sample_29_docteur_152.443s-156.592s.wav;STATION 1 - Entretien et interrogatoire\STATION 1 - Entretien et interrogatoire_sample_29_docteur_152.443s-156.592s.wav;C:\Users\constantin.godard\Documents\Etienne_clean\STATION 1 - Entretien et interrogatoire\STATION 1 - Entretien et interrogatoire_sample_29_docteur_152.443s-156.592s.wav;C:\Users\constantin.godard\Documents\Vidéos_entrainement_Etienne\STATION 1 - Entretien et interrogatoire\STATION 1 - Entretien et interrogatoire_sample_29_docteur_152.443s-156.592s.wav;C:\Users\constantin.godard\Documents\Etienne_15_samples_test\sample_04\clean1.wav;C:\Users\constantin.godard\Documents\Etienne_15_samples_test\sample_04\groundtruth.wav
sample_05;STATION 1 - Entretien et interrogatoire_sample_15_docteur_78.7355s-80.604s.wav;STATION 1 - Entretien et interrogatoire\STATION 1 - Entretien et interrogatoire_sample_15_docteur_78.7355s-80.604s.wav;C:\Users\constantin.godard\Documents\Etienne_clean\STATION 1 - Entretien et interrogatoire\STATION 1 - Entretien et interrogatoire_sample_15_docteur_78.7355s-80.604s.wav;C:\Users\constantin.godard\Documents\Vidéos_entrainement_Etienne\STATION 1 - Entretien et interrogatoire\STATION 1 - Entretien et interrogatoire_sample_15_docteur_78.7355s-80.604s.wav;C:\Users\constantin.godard\Documents\Etienne_15_samples_test\sample_05\clean1.wav;C:\Users\constantin.godard\Documents\Etienne_15_samples_test\sample_05\groundtruth.wav
sample_06;Le PS révèle l information_sample_4_dialogue_32.8024s-57.5603s.wav;Le patient standardisé révèle l information\Le PS révèle l information_sample_4_dialogue_32.8024s-57.5603s.wav;C:\Users\constantin.godard\Documents\Etienne_clean\Le patient standardisé révèle l information\Le PS révèle l information_sample_4_dialogue_32.8024s-57.5603s.wav;C:\Users\constantin.godard\Documents\Vidéos_entrainement_Etienne\Le patient standardisé révèle l information\Le PS révèle l information_sample_4_dialogue_32.8024s-57.5603s.wav;C:\Users\constantin.godard\Documents\Etienne_15_samples_test\sample_06\clean1.wav;C:\Users\constantin.godard\Documents\Etienne_15_samples_test\sample_06\groundtruth.wav
sample_07;Le PS retient inutilement l information (résultat du bilan)_sample_27_dialogue_232.252s-236.701s.wav;Le patient standardisé retient inutilement l information (résultat du bilan)\Le PS retient inutilement l information (résultat du bilan)_sample_27_dialogue_232.252s-236.701s.wav;C:\Users\constantin.godard\Documents\Etienne_clean\Le patient standardisé retient inutilement l information (résultat du bilan)\Le PS retient inutilement l information (résultat du bilan)_sample_27_dialogue_232.252s-236.701s.wav;C:\Users\constantin.godard\Documents\Vidéos_entrainement_Etienne\Le patient standardisé retient inutilement l information (résultat du bilan)\Le PS retient inutilement l information (résultat du bilan)_sample_27_dialogue_232.252s-236.701s.wav;C:\Users\constantin.godard\Documents\Etienne_15_samples_test\sample_07\clean1.wav;C:\Users\constantin.godard\Documents\Etienne_15_samples_test\sample_07\groundtruth.wav
sample_08;education prevention_exemple_bonne_performance_sample_9_docteur_60.1406s-67.8426s.wav;education prevention_exemple_bonne_performance\education prevention_exemple_bonne_performance_sample_9_docteur_60.1406s-67.8426s.wav;C:\Users\constantin.godard\Documents\Etienne_clean\education prevention_exemple_bonne_performance\education prevention_exemple_bonne_performance_sample_9_docteur_60.1406s-67.8426s.wav;C:\Users\constantin.godard\Documents\Vidéos_entrainement_Etienne\education prevention_exemple_bonne_performance\education prevention_exemple_bonne_performance_sample_9_docteur_60.1406s-67.8426s.wav;C:\Users\constantin.godard\Documents\Etienne_15_samples_test\sample_08\clean1.wav;C:\Users\constantin.godard\Documents\Etienne_15_samples_test\sample_08\groundtruth.wav
sample_09;Station 6 - communication interprofessionelle_sample_18_dialogue_365.094s-371.64s.wav;Station 6 - communication interprofessionelle\Station 6 - communication interprofessionelle_sample_18_dialogue_365.094s-371.64s.wav;C:\Users\constantin.godard\Documents\Etienne_clean\Station 6 - communication interprofessionelle\Station 6 - communication interprofessionelle_sample_18_dialogue_365.094s-371.64s.wav;C:\Users\constantin.godard\Documents\Vidéos_entrainement_Etienne\Station 6 - communication interprofessionelle\Station 6 - communication interprofessionelle_sample_18_dialogue_365.094s-371.64s.wav;C:\Users\constantin.godard\Documents\Etienne_15_samples_test\sample_09\clean1.wav;C:\Users\constantin.godard\Documents\Etienne_15_samples_test\sample_09\groundtruth.wav
sample_10;Station 3 - Education et prévention - étudiant 2_sample_24_docteur_315.353s-345.337s.wav;Station 3 - Education et prévention - étudiant 2\Station 3 - Education et prévention - étudiant 2_sample_24_docteur_315.353s-345.337s.wav;C:\Users\constantin.godard\Documents\Etienne_clean\Station 3 - Education et prévention - étudiant 2\Station 3 - Education et prévention - étudiant 2_sample_24_docteur_315.353s-345.337s.wav;C:\Users\constantin.godard\Documents\Vidéos_entrainement_Etienne\Station 3 - Education et prévention - étudiant 2\Station 3 - Education et prévention - étudiant 2_sample_24_docteur_315.353s-345.337s.wav;C:\Users\constantin.godard\Documents\Etienne_15_samples_test\sample_10\clean1.wav;C:\Users\constantin.godard\Documents\Etienne_15_samples_test\sample_10\groundtruth.wav
sample_11;education prevention_exemple_bonne_performance_sample_39_patient_419.615s-425.773s.wav;education prevention_exemple_bonne_performance\education prevention_exemple_bonne_performance_sample_39_patient_419.615s-425.773s.wav;C:\Users\constantin.godard\Documents\Etienne_clean\education prevention_exemple_bonne_performance\education prevention_exemple_bonne_performance_sample_39_patient_419.615s-425.773s.wav;C:\Users\constantin.godard\Documents\Vidéos_entrainement_Etienne\education prevention_exemple_bonne_performance\education prevention_exemple_bonne_performance_sample_39_patient_419.615s-425.773s.wav;C:\Users\constantin.godard\Documents\Etienne_15_samples_test\sample_11\clean1.wav;C:\Users\constantin.godard\Documents\Etienne_15_samples_test\sample_11\groundtruth.wav
sample_12;Station 4 - Synthèse des résultats d’examens paracliniques_sample_19_dialogue_374.766s-383.523s.wav;Station 4 - Synthèse des résultats d’examens paracliniques\Station 4 - Synthèse des résultats d’examens paracliniques_sample_19_dialogue_374.766s-383.523s.wav;C:\Users\constantin.godard\Documents\Etienne_clean\Station 4 - Synthèse des résultats d’examens paracliniques\Station 4 - Synthèse des résultats d’examens paracliniques_sample_19_dialogue_374.766s-383.523s.wav;C:\Users\constantin.godard\Documents\Vidéos_entrainement_Etienne\Station 4 - Synthèse des résultats d’examens paracliniques\Station 4 - Synthèse des résultats d’examens paracliniques_sample_19_dialogue_374.766s-383.523s.wav;C:\Users\constantin.godard\Documents\Etienne_15_samples_test\sample_12\clean1.wav;C:\Users\constantin.godard\Documents\Etienne_15_samples_test\sample_12\groundtruth.wav
sample_13;Station 2 - Communication interprofessionnelle - Etudiant 3_sample_24_docteur_343.688s-353.577s.wav;Station 2 - Communication interprofessionnelle - Etudiant 3\Station 2 - Communication interprofessionnelle - Etudiant 3_sample_24_docteur_343.688s-353.577s.wav;C:\Users\constantin.godard\Documents\Etienne_clean\Station 2 - Communication interprofessionnelle - Etudiant 3\Station 2 - Communication interprofessionnelle - Etudiant 3_sample_24_docteur_343.688s-353.577s.wav;C:\Users\constantin.godard\Documents\Vidéos_entrainement_Etienne\Station 2 - Communication interprofessionnelle - Etudiant 3\Station 2 - Communication interprofessionnelle - Etudiant 3_sample_24_docteur_343.688s-353.577s.wav;C:\Users\constantin.godard\Documents\Etienne_15_samples_test\sample_13\clean1.wav;C:\Users\constantin.godard\Documents\Etienne_15_samples_test\sample_13\groundtruth.wav
sample_14;education prevention_exemple_bonne_performance_sample_13_docteur_95.3264s-106.951s.wav;education prevention_exemple_bonne_performance\education prevention_exemple_bonne_performance_sample_13_docteur_95.3264s-106.951s.wav;C:\Users\constantin.godard\Documents\Etienne_clean\education prevention_exemple_bonne_performance\education prevention_exemple_bonne_performance_sample_13_docteur_95.3264s-106.951s.wav;C:\Users\constantin.godard\Documents\Vidéos_entrainement_Etienne\education prevention_exemple_bonne_performance\education prevention_exemple_bonne_performance_sample_13_docteur_95.3264s-106.951s.wav;C:\Users\constantin.godard\Documents\Etienne_15_samples_test\sample_14\clean1.wav;C:\Users\constantin.godard\Documents\Etienne_15_samples_test\sample_14\groundtruth.wav
sample_15;education prevention_exemple_bonne_performance_sample_12_patient_78.4839s-93.8893s.wav;education prevention_exemple_bonne_performance\education prevention_exemple_bonne_performance_sample_12_patient_78.4839s-93.8893s.wav;C:\Users\constantin.godard\Documents\Etienne_clean\education prevention_exemple_bonne_performance\education prevention_exemple_bonne_performance_sample_12_patient_78.4839s-93.8893s.wav;C:\Users\constantin.godard\Documents\Vidéos_entrainement_Etienne\education prevention_exemple_bonne_performance\education prevention_exemple_bonne_performance_sample_12_patient_78.4839s-93.8893s.wav;C:\Users\constantin.godard\Documents\Etienne_15_samples_test\sample_15\clean1.wav;C:\Users\constantin.godard\Documents\Etienne_15_samples_test\sample_15\groundtruth.wav
